id,title,owner_id,time_created,content,topic_id,tags
1,Test Thread,1,2024-11-01 17:52:35,Test Content Thread 1,1,1;2;3;4;5
2,Test Thread,1,2024-11-01 17:52:35,Test Content Thread 2,1,6
3,Test Thread,2,2024-11-01 17:52:35,Test Content Thread 3,1,1;4;5
4,Test Thread,5,2024-11-01 17:52:35,Test Content Thread 4,1,2;4;5
5,Test Thread,3,2024-11-01 17:52:35,Test Content Thread 5,2,2;3
6,Test Thread,4,2024-11-01 17:52:35,Test Content Thread 6,2,2;2
7,Test Thread,2,2024-11-01 17:52:35,Test Content Thread 7,2,1;1
8,Test Thread,1,2024-11-01 17:52:35,Test Content Thread 1,1,1;2;3;4;5
9,Test Thread,1,2024-11-01 17:52:35,Test Content Thread 2,1,6
10,Test Thread,2,2024-11-01 17:52:35,Test Content Thread 3,1,1;4;5
11,Test Thread,5,2024-11-01 17:52:35,Test Content Thread 4,1,2;4;5
12,Test Thread,3,2024-11-01 17:52:35,Test Content Thread 5,2,2;3
13,Test Thread,4,2024-11-01 17:52:35,Test Content Thread 6,2,2;2
14,Test Thread,2,2024-11-01 17:52:35,Test Content Thread 7,2,1;1
15,Test Thread,1,2024-11-01 17:52:35,Test Content Thread 1,1,1;2;3;4;5
16,Test Thread,1,2024-11-01 17:52:35,Test Content Thread 2,1,6
17,Test Thread,2,2024-11-01 17:52:35,Test Content Thread 3,1,1;4;5
18,Test Thread,5,2024-11-01 17:52:35,Test Content Thread 4,1,2;4;5
19,Test Thread,3,2024-11-01 17:52:35,Test Content Thread 5,2,2;3
20,Test Thread,4,2024-11-01 17:52:35,Test Content Thread 6,2,2;2
21,Test Thread,2,2024-11-01 17:52:35,Test Content Thread 7,2,1;1
22,Test Thread,1,2024-11-01 17:52:35,Test Content Thread 1,1,1;2;3;4;5
23,Test Thread,1,2024-11-01 17:52:35,Test Content Thread 2,1,6
24,Test Thread,2,2024-11-01 17:52:35,Test Content Thread 3,1,1;4;5